{
  "heat-3d-task": {
    "gcc": {
      "EXTRALARGE_DATASET": {
        "8": 11.8700958,
        "1": 34.841129000000002,
        "2": 19.364037200000002,
        "4": 12.040305000000002
      },
      "MINI_DATASET": {
        "8": 0.052062600000000001,
        "1": 0.0077707999999999996,
        "2": 0.015243200000000002,
        "4": 0.020989600000000001
      },
      "SMALL_DATASET": {
        "8": 0.046811000000000005,
        "1": 0.0399172,
        "2": 0.030707400000000003,
        "4": 0.027423800000000005
      },
      "MEDIUM_DATASET": {
        "8": 0.075399999999999995,
        "1": 0.32428800000000002,
        "2": 0.16898019999999997,
        "4": 0.1009206
      },
      "LARGE_DATASET": {
        "8": 1.1002649999999998,
        "1": 7.5816834000000002,
        "2": 3.490224,
        "4": 1.9155591999999999
      }
    },
    "icc": {
      "EXTRALARGE_DATASET": {
        "8": 10.983920399999999,
        "1": 43.579992600000004,
        "2": 19.7700572,
        "4": 12.904059999999998
      },
      "MINI_DATASET": {
        "8": 0.050250799999999998,
        "1": 0.014438000000000001,
        "2": 0.018237199999999999,
        "4": 0.035139400000000001
      },
      "SMALL_DATASET": {
        "8": 0.1018256,
        "1": 0.041205800000000001,
        "2": 0.037914999999999997,
        "4": 0.053893199999999995
      },
      "MEDIUM_DATASET": {
        "8": 0.13279360000000001,
        "1": 0.24089179999999999,
        "2": 0.1706414,
        "4": 0.14527519999999999
      },
      "LARGE_DATASET": {
        "8": 1.3294156000000004,
        "1": 8.5088845999999982,
        "2": 3.4388592000000004,
        "4": 2.0416307999999996
      }
    }
  },
  "heat-3d-for": {
    "gcc": {
      "EXTRALARGE_DATASET": {
        "8": 11.9501668,
        "1": 34.891234799999999,
        "2": 19.578876799999996,
        "4": 12.652504599999999
      },
      "MINI_DATASET": {
        "8": 0.0146292,
        "1": 0.0071864000000000008,
        "2": 0.010168199999999999,
        "4": 0.0120222
      },
      "SMALL_DATASET": {
        "8": 0.022679800000000003,
        "1": 0.040861999999999996,
        "2": 0.027062199999999998,
        "4": 0.0206392
      },
      "MEDIUM_DATASET": {
        "8": 0.058539000000000008,
        "1": 0.32835359999999997,
        "2": 0.172485,
        "4": 0.097168600000000008
      },
      "LARGE_DATASET": {
        "8": 0.99647859999999999,
        "1": 7.6164518000000001,
        "2": 3.4819822,
        "4": 1.8524788000000001
      }
    },
    "icc": {
      "EXTRALARGE_DATASET": {
        "8": 12.096129399999999,
        "1": 42.430874600000003,
        "2": 20.495653600000001,
        "4": 13.040639199999998
      },
      "MINI_DATASET": {
        "8": 0.057058199999999989,
        "1": 0.011598000000000001,
        "2": 0.0116776,
        "4": 0.018664399999999998
      },
      "SMALL_DATASET": {
        "8": 0.028822799999999999,
        "1": 0.039837799999999993,
        "2": 0.027622200000000003,
        "4": 0.023901600000000002
      },
      "MEDIUM_DATASET": {
        "8": 0.097079200000000004,
        "1": 0.25086720000000001,
        "2": 0.14530959999999998,
        "4": 0.095962199999999998
      },
      "LARGE_DATASET": {
        "8": 0.88673259999999998,
        "1": 8.4970343999999987,
        "2": 3.3193674,
        "4": 1.7403314000000001
      }
    }
  }
}