{
  "heat-3d-task": {
    "icc": {
      "EXTRALARGE_DATASET": {
        "8": 14.299136799999999,
        "1": 44.112729200000004,
        "2": 21.367805800000003,
        "4": 15.181371799999999,
        "16": 14.075391999999999
      },
      "MINI_DATASET": {
        "8": 0.062243199999999999,
        "1": 0.016687799999999996,
        "2": 0.018624400000000003,
        "4": 0.039787799999999998,
        "16": 0.098799999999999985
      },
      "SMALL_DATASET": {
        "8": 0.10006920000000001,
        "1": 0.043292200000000003,
        "2": 0.037546399999999994,
        "4": 0.063833000000000001,
        "16": 0.23078720000000003
      },
      "MEDIUM_DATASET": {
        "8": 0.16582279999999999,
        "1": 0.25045719999999999,
        "2": 0.1735196,
        "4": 0.15126640000000002,
        "16": 0.38850839999999998
      },
      "LARGE_DATASET": {
        "8": 1.4583083999999999,
        "1": 8.5403210000000005,
        "2": 3.5131888000000004,
        "4": 2.2324052000000001,
        "16": 1.250899
      }
    },
    "gcc": {
      "EXTRALARGE_DATASET": {
        "8": 8.0359894000000001,
        "1": 34.310786999999998,
        "2": 17.427433399999998,
        "4": 9.7051344000000004,
        "16": 8.6300519999999992
      },
      "MINI_DATASET": {
        "8": 0.052187799999999993,
        "1": 0.0077398000000000007,
        "2": 0.015435399999999998,
        "4": 0.020580599999999998,
        "16": 0.076073199999999994
      },
      "SMALL_DATASET": {
        "8": 0.046920400000000008,
        "1": 0.041168800000000005,
        "2": 0.031548399999999997,
        "4": 0.027996799999999999,
        "16": 0.12007659999999998
      },
      "MEDIUM_DATASET": {
        "8": 0.076889000000000013,
        "1": 0.31085640000000003,
        "2": 0.17559859999999999,
        "4": 0.10463420000000001,
        "16": 0.096464999999999995
      },
      "LARGE_DATASET": {
        "8": 1.0770098000000001,
        "1": 7.5179388000000005,
        "2": 3.6906987999999998,
        "4": 1.8510263999999998,
        "16": 1.207282
      }
    }
  },
  "heat-3d-for": {
    "icc": {
      "EXTRALARGE_DATASET": {
        "8": 14.368156600000001,
        "1": 42.903621200000003,
        "2": 21.303702999999999,
        "4": 14.830959000000002,
        "16": 14.894129800000002
      },
      "MINI_DATASET": {
        "8": 0.086148599999999992,
        "1": 0.012454399999999999,
        "2": 0.012239200000000002,
        "4": 0.0184636,
        "16": 0.09014960000000001
      },
      "SMALL_DATASET": {
        "8": 0.043666400000000001,
        "1": 0.038986800000000002,
        "2": 0.027532800000000003,
        "4": 0.026772400000000002,
        "16": 0.095163200000000003
      },
      "MEDIUM_DATASET": {
        "8": 0.12600939999999999,
        "1": 0.25891359999999997,
        "2": 0.15755479999999999,
        "4": 0.097063800000000006,
        "16": 0.17026959999999999
      },
      "LARGE_DATASET": {
        "8": 0.92620279999999988,
        "1": 8.5224556000000007,
        "2": 3.3486664000000004,
        "4": 1.6763972000000003,
        "16": 0.71539359999999996
      }
    },
    "gcc": {
      "EXTRALARGE_DATASET": {
        "8": 7.057213,
        "1": 34.372481400000005,
        "2": 17.5889612,
        "4": 9.4751782000000002,
        "16": 8.9124442000000013
      },
      "MINI_DATASET": {
        "8": 0.015496400000000002,
        "1": 0.0073397999999999988,
        "2": 0.010063600000000001,
        "4": 0.012360000000000001,
        "16": 0.0172818
      },
      "SMALL_DATASET": {
        "8": 0.020971800000000002,
        "1": 0.040953200000000002,
        "2": 0.027574399999999999,
        "4": 0.019752200000000004,
        "16": 0.0293526
      },
      "MEDIUM_DATASET": {
        "8": 0.057986999999999997,
        "1": 0.31277279999999996,
        "2": 0.17524239999999999,
        "4": 0.096574999999999994,
        "16": 0.068390000000000006
      },
      "LARGE_DATASET": {
        "8": 0.99205359999999998,
        "1": 7.5090783999999999,
        "2": 3.4836206000000005,
        "4": 1.8569308,
        "16": 1.1060072000000001
      }
    }
  }
}