{
    "heat-3d-task": {
        "gcc": {
            "O0": 10.919430199999999,
            "O1": 1.6545043999999998,
            "O2": 1.6572513999999998,
            "O3": 1.1082959999999999
        },
        "icc": {
            "O0": 9.7777856666666665,
            "O1": 0.90577333333333332,
            "O2": 0.70485633333333342,
            "O3": 0.77421700000000004
        }
    },
    "heat-3d-for": {
        "gcc": {
            "O0": 10.714186399999999,
            "O1": 1.5800542,
            "O2": 1.5704062000000001,
            "O3": 1.0005644
        },
        "icc": {
            "O0": 5.2372760000000005,
            "O1": 0.75589133333333336,
            "O2": 0.47871400000000003,
            "O3": 0.47971866666666668
        }
    }
}