{
  "heat-3d-acc": {
    "pgcc": {
      "10": {
        "host": 0.0008354,
        "multicore": 0.0071868,
        "tesla": 0.033384399999999995
      },
      "20": {
        "host": 0.0113754,
        "multicore": 0.011932400000000001,
        "tesla": 0.035049000000000004
      },
      "40": {
        "host": 0.1101772,
        "multicore": 0.046512399999999995,
        "tesla": 0.053870799999999996
      },
      "120": {
        "host": 3.533245,
        "multicore": 0.9863256,
        "tesla": 0.5577074
      },
      "200": {
        "host": 29.418411400000004,
        "multicore": 15.923499999999999,
        "tesla": 2.2730705999999996
      }
    }
  }
}