{
  "heat-3d-task": {
    "gcc": {
      "O0": 14.385565,
      "O1": 1.7905738,
      "O2": 1.9510882000000003,
      "O3": 1.2424000000000002
    },
    "icc": {
      "O0": 6.6686594000000001,
      "O1": 0.82462659999999999,
      "O2": 0.65541799999999995,
      "O3": 0.72151399999999999
    }
  },
  "heat-3d-for": {
    "gcc": {
      "O0": 13.187717400000002,
      "O1": 1.4793095999999999,
      "O2": 1.5402605999999999,
      "O3": 1.046386
    },
    "icc": {
      "O0": 5.4820691999999998,
      "O1": 1.1683286000000002,
      "O2": 0.77025379999999999,
      "O3": 0.63423539999999989
    }
  }
}