{
  "var11_for": {
    "gcc": {
      "O0": 26.066631333333333,
      "O1": 4.0956130000000002,
      "O2": 4.0772766666666662,
      "O3": 3.8799083333333328
    },
    "icc": {
      "O0": 37.691271333333333,
      "O1": 16.169969333333331,
      "O2": 2.9999439999999997,
      "O3": 2.8881209999999999
    }
  },
  "var11_task": {
    "gcc": {
      "O0": 8.7824460000000002,
      "O1": 3.5717130000000004,
      "O2": 3.5798306666666666,
      "O3": 3.3519633333333334
    },
    "icc": {
      "O0": 10.772178000000002,
      "O1": 4.2188436666666673,
      "O2": 3.9599926666666669,
      "O3": 4.0513433333333326
    }
  }
}