{
  "var11_for": {
    "gcc": {
      "O0": 20.208739000000001,
      "O1": 1.726915,
      "O2": 1.7934703333333335,
      "O3": 1.6738229999999998
    },
    "icc": {
      "O0": 32.039175666666665,
      "O1": 13.112209666666667,
      "O2": 2.315369,
      "O3": 2.1096469999999998
    }
  },
  "var11_task": {
    "gcc": {
      "O0": 4.6318266666666661,
      "O1": 1.9038280000000001,
      "O2": 1.965338,
      "O3": 1.927221333333333
    },
    "icc": {
      "O0": 6.7065756666666667,
      "O1": 2.2800316666666665,
      "O2": 2.1215893333333331,
      "O3": 2.210566
    }
  }
}